fechas,hora,latitud,longitud,thetao,so,uo,vo,zos,chl,o2,deptho
2010-06-01,,38.26373333,-28.88201667,[19.476516008377075],[35.8287300914526],[-0.007324442267417908],[0.009765923023223877],-0.18097476102411747,0.07112772017717361,235.590087890625,716.1118774414062
2010-07-15,,37.174,-24.21508333,[22.136020995676517],[36.0942411236465],[-0.09155552834272385],[-0.06714072078466415],-0.23194067180156708,0.06965978443622589,224.67361450195312,2855.118896484375
2010-07-16,,37.01601667,-24.27043333,[22.33817560225725],[36.2880336586386],[-0.08911404758691788],[-0.040894802659749985],-0.2414014097303152,0.07009093463420868,224.3511505126953,3933.033935546875
2010-07-18,,36.39713333,-24.5027,[23.24127933382988],[36.446729907765985],[-0.02929776906967163],[-0.0024414807558059692],-0.24231696501374245,0.07426939904689789,218.83087158203125,3303.777099609375
2011-06-04,,38.91811667,-29.22416667,[19.210638754069805],[36.12781148403883],[-0.06958220154047012],[-0.20447401329874992],-0.19318216480314732,0.07969252020120621,236.1288299560547,1852.5699462890625
2011-06-05,,37.6645,-28.67718333,[19.647907957434654],[36.32770772092044],[-0.04150517284870148],[-0.08117923513054848],-0.2520828880369663,0.06944338232278824,235.6136932373047,1688.27001953125
2011-06-12,,39.03065,-27.56006667,[19.205511644482613],[36.21021145954728],[-0.0030518509447574615],[-0.0079348124563694],-0.22309030406177044,0.16803745925426483,239.56494140625,2128.2109375
2011-07-24,,38.7987,-29.6963,[24.673940241336823],[36.29413736052811],[0.023194067180156708],[0.03723258152604103],-0.11261329986155033,0.09600481390953064,214.2825927734375,1788.9659423828125
2011-07-27,,38.501158,-27.950003,[24.486434519290924],[36.26361885108054],[0.017700735479593277],[-0.1355021819472313],-0.13733329251408577,0.09428081661462784,215.04815673828125,1114.7869873046875
2011-07-27,,38.505897,-27.948206,[24.486434519290924],[36.26361885108054],[0.017700735479593277],[-0.1355021819472313],-0.13733329251408577,0.09428081661462784,215.04815673828125,1114.7869873046875
2012-04-29,14:09:00,37.5836,-25.5841,[17.758201852440834],[36.16748554632068],[-0.04821924492716789],[-0.03418073058128357],-0.24811548180878162,0.062376394867897034,240.7766876220703,1081.842041015625
2012-04-29,14:09:00,37.5836,-25.5841,[17.758201852440834],[36.16748554632068],[-0.04821924492716789],[-0.03418073058128357],-0.24811548180878162,0.062376394867897034,240.7766876220703,1081.842041015625
2012-04-29,14:09:00,37.5836,-25.5841,[17.758201852440834],[36.16748554632068],[-0.04821924492716789],[-0.03418073058128357],-0.24811548180878162,0.062376394867897034,240.7766876220703,1081.842041015625
2012-04-29,11:50,37.58192222,-25.55909444,[17.758201852440834],[36.16748554632068],[-0.04821924492716789],[-0.03418073058128357],-0.24811548180878162,0.062376394867897034,240.7766876220703,1081.842041015625
2012-04-29,11:50,37.58192222,-25.55909444,[17.758201852440834],[36.16748554632068],[-0.04821924492716789],[-0.03418073058128357],-0.24811548180878162,0.062376394867897034,240.7766876220703,1081.842041015625
2012-04-29,11:50,37.58192222,-25.55909444,[17.758201852440834],[36.16748554632068],[-0.04821924492716789],[-0.03418073058128357],-0.24811548180878162,0.062376394867897034,240.7766876220703,1081.842041015625
2012-04-29,15:06,37.61085,-25.612425,[17.758201852440834],[36.16748554632068],[-0.04821924492716789],[-0.03418073058128357],-0.24811548180878162,0.062376394867897034,240.7766876220703,1081.842041015625
2012-04-29,11:14:00,37.5613,-25.5437,[17.758201852440834],[36.16748554632068],[-0.04821924492716789],[-0.03418073058128357],-0.24811548180878162,0.062376394867897034,240.7766876220703,1081.842041015625
2012-04-29,14:09:00,37.5836,-25.5841,[17.758201852440834],[36.16748554632068],[-0.04821924492716789],[-0.03418073058128357],-0.24811548180878162,0.062376394867897034,240.7766876220703,1081.842041015625
2012-04-29,11:50,37.58192222,-25.55909444,[17.758201852440834],[36.16748554632068],[-0.04821924492716789],[-0.03418073058128357],-0.24811548180878162,0.062376394867897034,240.7766876220703,1081.842041015625
2012-04-29,15:06,37.61085,-25.612425,[17.758201852440834],[36.16748554632068],[-0.04821924492716789],[-0.03418073058128357],-0.24811548180878162,0.062376394867897034,240.7766876220703,1081.842041015625
2012-04-30,15:31:00,37.6704,-25.7849,[17.681295208632946],[36.169011471793056],[-0.01831110566854477],[-0.08606219664216042],-0.2374340035021305,0.06105876341462135,240.7825927734375,586.8104248046875
2012-05-01,09:04:00,37.6508,-25.4674,[17.582415238022804],[36.11865593120456],[-0.12817773967981339],[-0.010986663401126862],-0.23712881840765476,0.061839424073696136,241.12843322753906,461.27520751953125
2012-05-01,09:04:00,37.6508,-25.4674,[17.582415238022804],[36.11865593120456],[-0.12817773967981339],[-0.010986663401126862],-0.23712881840765476,0.061839424073696136,241.12843322753906,461.27520751953125
2012-05-01,10:23,37.66555833,-25.45688333,[17.529679253697395],[36.107974452897906],[-0.1898251287639141],[-0.043336283415555954],-0.23773918859660625,0.061839424073696136,241.12843322753906,699.5
2012-05-01,09:35:00,37.6509,-25.4672,[17.582415238022804],[36.11865593120456],[-0.12817773967981339],[-0.010986663401126862],-0.23712881840765476,0.061839424073696136,241.12843322753906,461.27520751953125
2012-05-01,09:35:00,37.6509,-25.4672,[17.582415238022804],[36.11865593120456],[-0.12817773967981339],[-0.010986663401126862],-0.23712881840765476,0.061839424073696136,241.12843322753906,461.27520751953125
2012-05-01,09:48:00,37.6633,-25.4732,[17.582415238022804],[36.11865593120456],[-0.12817773967981339],[-0.010986663401126862],-0.23712881840765476,0.061839424073696136,241.12843322753906,461.27520751953125
2012-05-01,09:04:00,37.6508,-25.4674,[17.582415238022804],[36.11865593120456],[-0.12817773967981339],[-0.010986663401126862],-0.23712881840765476,0.061839424073696136,241.12843322753906,461.27520751953125
2012-05-01,09:35:00,37.6509,-25.4672,[17.582415238022804],[36.11865593120456],[-0.12817773967981339],[-0.010986663401126862],-0.23712881840765476,0.061839424073696136,241.12843322753906,461.27520751953125
2012-05-01,09:04:00,37.6508,-25.4674,[17.582415238022804],[36.11865593120456],[-0.12817773967981339],[-0.010986663401126862],-0.23712881840765476,0.061839424073696136,241.12843322753906,461.27520751953125
2012-05-01,10:23,37.66555833,-25.45688333,[17.529679253697395],[36.107974452897906],[-0.1898251287639141],[-0.043336283415555954],-0.23773918859660625,0.061839424073696136,241.12843322753906,699.5
2012-05-01,09:35:00,37.6509,-25.4672,[17.582415238022804],[36.11865593120456],[-0.12817773967981339],[-0.010986663401126862],-0.23712881840765476,0.061839424073696136,241.12843322753906,461.27520751953125
2012-06-29,,38.90983333,-28.52428333,[21.889919735491276],[36.21021145954728],[0.006714072078466415],[0.01342814415693283],-0.10162663646042347,0.07436487078666687,226.07211303710938,1344.112060546875
2012-07-13,,37.78626667,-30.11883333,[23.15485091507435],[36.518448404967785],[0.0317392498254776],[0.017700735479593277],-0.06653035059571266,0.07857181876897812,223.4000701904297,1180.032958984375
2013-01-08,09:45,37.60888889,-25.53888889,[16.457380905747414],[36.09118927270174],[-0.06164738908410072],[0.0012207403779029846],-0.19714957103133202,0.07626783847808838,246.4231719970703,1199.43505859375
2013-01-08,09:45,37.60888889,-25.53888889,[16.457380905747414],[36.09118927270174],[-0.06164738908410072],[0.0012207403779029846],-0.19714957103133202,0.07626783847808838,246.4231719970703,1199.43505859375
2013-03-10,14:55,37.58938333,-25.40364167,[15.737388230860233],[36.05761891230941],[0.02136295661330223],[-0.017090365290641785],-0.32227545976638794,0.23826268315315247,252.63381958007812,1301.5379638671875
2013-03-10,14:55,37.58938333,-25.40364167,[15.737388230860233],[36.05761891230941],[0.02136295661330223],[-0.017090365290641785],-0.32227545976638794,0.23826268315315247,252.63381958007812,1301.5379638671875
2013-03-19,10:19:00,37.7457,-25.8036,[16.134373001754284],[36.07135224156082],[-0.0024414807558059692],[0.062257759273052216],-0.22583696991205215,0.16813960671424866,252.04934692382812,423.6286926269531
2013-04-04,09:50,37.66079167,-25.522225,[16.07211524248123],[36.05914483778179],[-0.017090365290641785],[-0.006714072078466415],-0.22522659972310066,0.17858491837978363,252.6653594970703,461.27520751953125
2013-04-04,09:50,37.66079167,-25.522225,[16.07211524248123],[36.05914483778179],[-0.017090365290641785],[-0.006714072078466415],-0.22522659972310066,0.17858491837978363,252.6653594970703,461.27520751953125
2013-04-04,09:40,37.67233333,-25.55076667,[16.064790800213814],[36.05914483778179],[0.0024414807558059692],[-0.008545182645320892],-0.2255317848175764,0.17858491837978363,252.6653594970703,428.7898864746094
2013-04-04,11:30:00,37.6671,-25.4987,[16.07211524248123],[36.05914483778179],[-0.017090365290641785],[-0.006714072078466415],-0.22522659972310066,0.17858491837978363,252.6653594970703,461.27520751953125
2013-04-04,09:40,37.67233333,-25.55076667,[16.064790800213814],[36.05914483778179],[0.0024414807558059692],[-0.008545182645320892],-0.2255317848175764,0.17858491837978363,252.6653594970703,428.7898864746094
2013-04-04,09:50,37.66079167,-25.522225,[16.07211524248123],[36.05914483778179],[-0.017090365290641785],[-0.006714072078466415],-0.22522659972310066,0.17858491837978363,252.6653594970703,461.27520751953125
2013-04-05,14:46,37.68758333,-25.33087778,[16.08749657124281],[36.06677446514368],[-0.051271095871925354],[-0.023194067180156708],-0.2255317848175764,0.20069125294685364,253.30218505859375,1302.5
2013-04-05,14:46,37.68758333,-25.33087778,[16.08749657124281],[36.06677446514368],[-0.051271095871925354],[-0.023194067180156708],-0.2255317848175764,0.20069125294685364,253.30218505859375,1302.5
2013-04-05,15:01:00,37.6885,-25.3237,[16.08749657124281],[36.06677446514368],[-0.051271095871925354],[-0.023194067180156708],-0.2255317848175764,0.20069125294685364,253.30218505859375,1302.5
2013-04-05,14:46,37.68758333,-25.33087778,[16.08749657124281],[36.06677446514368],[-0.051271095871925354],[-0.023194067180156708],-0.2255317848175764,0.20069125294685364,253.30218505859375,1302.5
2013-04-17,13:48,37.682975,-25.44385,[17.07336650043726],[36.11255222931504],[-0.17700735479593277],[-0.011597033590078354],-0.2056947536766529,0.07427296787500381,245.92776489257812,699.5
2013-04-17,13:48,37.682975,-25.44385,[17.07336650043726],[36.11255222931504],[-0.17700735479593277],[-0.011597033590078354],-0.2056947536766529,0.07427296787500381,245.92776489257812,699.5
2013-04-17,14:19:00,37.6858,-25.4455,[17.07336650043726],[36.11255222931504],[-0.17700735479593277],[-0.011597033590078354],-0.2056947536766529,0.07427296787500381,245.92776489257812,699.5
2013-04-17,13:48,37.682975,-25.44385,[17.07336650043726],[36.11255222931504],[-0.17700735479593277],[-0.011597033590078354],-0.2056947536766529,0.07427296787500381,245.92776489257812,699.5
2013-04-18,09:54,37.68074444,-25.47629444,[17.096804715692997],[36.11255222931504],[-0.13183996081352234],[0.001831110566854477],-0.20538956858217716,0.07427296787500381,245.92776489257812,461.27520751953125
2013-04-18,09:36:00,37.6722,-25.4385,[17.07336650043726],[36.11255222931504],[-0.17700735479593277],[-0.011597033590078354],-0.2056947536766529,0.07427296787500381,245.92776489257812,699.5
2013-04-18,09:54,37.68074444,-25.47629444,[17.096804715692997],[36.11255222931504],[-0.13183996081352234],[0.001831110566854477],-0.20538956858217716,0.07427296787500381,245.92776489257812,461.27520751953125
2013-04-18,09:54,37.68074444,-25.47629444,[17.096804715692997],[36.11255222931504],[-0.13183996081352234],[0.001831110566854477],-0.20538956858217716,0.07427296787500381,245.92776489257812,461.27520751953125
2013-04-18,09:54,37.68074444,-25.47629444,[17.096804715692997],[36.11255222931504],[-0.13183996081352234],[0.001831110566854477],-0.20538956858217716,0.07427296787500381,245.92776489257812,461.27520751953125
2013-04-20,10:17,37.77219167,-25.808675,[17.127567373216152],[36.10187075100839],[-0.08362071588635445],[0.04577776417136192],-0.2023377176374197,0.07068457454442978,245.2237548828125,423.6286926269531
2013-04-23,14:31,37.75625,-25.80936667,[17.127567373216152],[36.10187075100839],[-0.08362071588635445],[0.04577776417136192],-0.2023377176374197,0.07068457454442978,245.2237548828125,423.6286926269531
2013-04-23,15:25,37.77206667,-25.829775,[17.127567373216152],[36.10187075100839],[-0.08362071588635445],[0.04577776417136192],-0.2023377176374197,0.07068457454442978,245.2237548828125,423.6286926269531
2013-04-23,15:25,37.77206667,-25.829775,[17.127567373216152],[36.10187075100839],[-0.08362071588635445],[0.04577776417136192],-0.2023377176374197,0.07068457454442978,245.2237548828125,423.6286926269531
2013-04-23,14:45:00,37.7538,-25.8089,[17.127567373216152],[36.10187075100839],[-0.08362071588635445],[0.04577776417136192],-0.2023377176374197,0.07068457454442978,245.2237548828125,423.6286926269531
2013-04-23,15:25,37.77206667,-25.829775,[17.127567373216152],[36.10187075100839],[-0.08362071588635445],[0.04577776417136192],-0.2023377176374197,0.07068457454442978,245.2237548828125,423.6286926269531
2013-04-23,14:31,37.75625,-25.80936667,[17.127567373216152],[36.10187075100839],[-0.08362071588635445],[0.04577776417136192],-0.2023377176374197,0.07068457454442978,245.2237548828125,423.6286926269531
2013-04-23,10:43,37.83391667,-25.8873,[17.191290020942688],[36.10492260195315],[-0.032959990203380585],[0.08301034569740295],-0.2029480878263712,0.06793191283941269,244.48626708984375,799.782470703125
2013-04-30,15:01:00,37.6992,-25.7073,[17.12683492898941],[36.107974452897906],[-0.08850367739796638],[-0.0012207403779029846],-0.2063051238656044,0.07068457454442978,245.2237548828125,603.1522216796875
2013-05-03,13:33:00,37.6969,-25.3957,[17.07336650043726],[36.11255222931504],[-0.17700735479593277],[-0.011597033590078354],-0.2056947536766529,0.07427296787500381,245.92776489257812,699.5
2013-05-03,13:33:00,37.6969,-25.3957,[17.07336650043726],[36.11255222931504],[-0.17700735479593277],[-0.011597033590078354],-0.2056947536766529,0.07427296787500381,245.92776489257812,699.5
2013-05-03,13:33:00,37.6969,-25.3957,[17.07336650043726],[36.11255222931504],[-0.17700735479593277],[-0.011597033590078354],-0.2056947536766529,0.07427296787500381,245.92776489257812,699.5
2013-05-03,13:33:00,37.6969,-25.3957,[17.07336650043726],[36.11255222931504],[-0.17700735479593277],[-0.011597033590078354],-0.2056947536766529,0.07427296787500381,245.92776489257812,699.5
2013-05-08,11:04,37.6975,-25.63285,[17.12683492898941],[36.107974452897906],[-0.08850367739796638],[-0.0012207403779029846],-0.2063051238656044,0.07068457454442978,245.2237548828125,603.1522216796875
2013-05-10,10:08,37.649375,-25.62455833,[17.104861602187157],[36.111026303842664],[-0.10132145136594772],[-0.001831110566854477],-0.2063051238656044,0.07427296787500381,245.92776489257812,428.7898864746094
2013-05-10,,37.17701667,-25.65781667,[17.47840815782547],[36.17969295009971],[-0.0634784996509552],[0.0555436871945858],-0.20477919839322567,0.060992393642663956,243.4999237060547,838.3925170898438
2013-05-10,10:08,37.649375,-25.62455833,[17.104861602187157],[36.111026303842664],[-0.10132145136594772],[-0.001831110566854477],-0.2063051238656044,0.07427296787500381,245.92776489257812,428.7898864746094
2013-05-15,14:14,37.77786667,-25.85179167,[17.127567373216152],[36.10187075100839],[-0.08362071588635445],[0.04577776417136192],-0.2023377176374197,0.07068457454442978,245.2237548828125,423.6286926269531
2013-05-15,10:03,37.72195,-25.79996667,[17.127567373216152],[36.10187075100839],[-0.08362071588635445],[0.04577776417136192],-0.2023377176374197,0.07068457454442978,245.2237548828125,423.6286926269531
2013-05-15,14:14,37.77786667,-25.85179167,[17.127567373216152],[36.10187075100839],[-0.08362071588635445],[0.04577776417136192],-0.2023377176374197,0.07068457454442978,245.2237548828125,423.6286926269531
2013-05-15,10:03,37.72195,-25.79996667,[17.127567373216152],[36.10187075100839],[-0.08362071588635445],[0.04577776417136192],-0.2023377176374197,0.07068457454442978,245.2237548828125,423.6286926269531
2013-05-15,14:14,37.77786667,-25.85179167,[17.127567373216152],[36.10187075100839],[-0.08362071588635445],[0.04577776417136192],-0.2023377176374197,0.07068457454442978,245.2237548828125,423.6286926269531
2013-05-15,14:14,37.77786667,-25.85179167,[17.127567373216152],[36.10187075100839],[-0.08362071588635445],[0.04577776417136192],-0.2023377176374197,0.07068457454442978,245.2237548828125,423.6286926269531
2013-05-16,11:03:00,37.6846,-25.6583,[17.12683492898941],[36.107974452897906],[-0.08850367739796638],[-0.0012207403779029846],-0.2063051238656044,0.07068457454442978,245.2237548828125,603.1522216796875
2013-05-16,11:09,37.68805833,-25.66543333,[17.12683492898941],[36.107974452897906],[-0.08850367739796638],[-0.0012207403779029846],-0.2063051238656044,0.07068457454442978,245.2237548828125,603.1522216796875
2013-05-16,11:09,37.68805833,-25.66543333,[17.12683492898941],[36.107974452897906],[-0.08850367739796638],[-0.0012207403779029846],-0.2063051238656044,0.07068457454442978,245.2237548828125,603.1522216796875
2013-05-16,,37.68411667,-25.69666667,[17.12683492898941],[36.107974452897906],[-0.08850367739796638],[-0.0012207403779029846],-0.2063051238656044,0.07068457454442978,245.2237548828125,603.1522216796875
2013-05-16,11:03:00,37.6846,-25.6583,[17.12683492898941],[36.107974452897906],[-0.08850367739796638],[-0.0012207403779029846],-0.2063051238656044,0.07068457454442978,245.2237548828125,603.1522216796875
2013-05-16,11:12,37.690525,-25.64143333,[17.12683492898941],[36.107974452897906],[-0.08850367739796638],[-0.0012207403779029846],-0.2063051238656044,0.07068457454442978,245.2237548828125,603.1522216796875
2013-05-16,11:12,37.690525,-25.64143333,[17.12683492898941],[36.107974452897906],[-0.08850367739796638],[-0.0012207403779029846],-0.2063051238656044,0.07068457454442978,245.2237548828125,603.1522216796875
2013-05-20,10:14:00,37.6744,-25.2936,[18.797540210187435],[36.062196688726544],[-0.17029328271746635],[-0.051881466060876846],-0.21271401084959507,0.06063241511583328,236.86915588378906,1302.5
2013-05-20,10:14:00,37.6744,-25.2936,[18.797540210187435],[36.062196688726544],[-0.17029328271746635],[-0.051881466060876846],-0.21271401084959507,0.06063241511583328,236.86915588378906,1302.5
2013-05-20,10:14:00,37.6744,-25.2936,[18.797540210187435],[36.062196688726544],[-0.17029328271746635],[-0.051881466060876846],-0.21271401084959507,0.06063241511583328,236.86915588378906,1302.5
2013-05-21,09:32,37.6741,-25.57596667,[18.919125951826572],[36.07593001797795],[-0.11963255703449249],[0.0],-0.21332438103854656,0.05996030196547508,236.6235809326172,428.7898864746094
2013-05-21,11:26,37.69009167,-25.622625,[18.919125951826572],[36.07593001797795],[-0.11963255703449249],[0.0],-0.21332438103854656,0.05996030196547508,236.6235809326172,428.7898864746094
2013-05-21,11:26,37.69009167,-25.622625,[18.919125951826572],[36.07593001797795],[-0.11963255703449249],[0.0],-0.21332438103854656,0.05996030196547508,236.6235809326172,428.7898864746094
2013-05-21,09:32,37.6741,-25.57596667,[18.919125951826572],[36.07593001797795],[-0.11963255703449249],[0.0],-0.21332438103854656,0.05996030196547508,236.6235809326172,428.7898864746094
2013-05-21,10:52:00,37.671,-25.4202,[18.867854855954647],[36.06677446514368],[-0.1818903163075447],[-0.01892147585749626],-0.21179845556616783,0.05996030196547508,236.6235809326172,699.5
2013-05-21,09:18:00,37.6886,-25.4546,[18.867854855954647],[36.06677446514368],[-0.1818903163075447],[-0.01892147585749626],-0.21179845556616783,0.05996030196547508,236.6235809326172,699.5
2013-05-21,10:52:00,37.671,-25.4202,[18.867854855954647],[36.06677446514368],[-0.1818903163075447],[-0.01892147585749626],-0.21179845556616783,0.05996030196547508,236.6235809326172,699.5
2013-05-21,09:18:00,37.6886,-25.4546,[18.867854855954647],[36.06677446514368],[-0.1818903163075447],[-0.01892147585749626],-0.21179845556616783,0.05996030196547508,236.6235809326172,699.5
2013-05-21,10:52:00,37.671,-25.4202,[18.867854855954647],[36.06677446514368],[-0.1818903163075447],[-0.01892147585749626],-0.21179845556616783,0.05996030196547508,236.6235809326172,699.5
2013-05-21,09:18:00,37.6886,-25.4546,[18.867854855954647],[36.06677446514368],[-0.1818903163075447],[-0.01892147585749626],-0.21179845556616783,0.05996030196547508,236.6235809326172,699.5
2013-05-29,09:40:00,37.6743,-25.3044,[18.797540210187435],[36.062196688726544],[-0.17029328271746635],[-0.051881466060876846],-0.21271401084959507,0.06063241511583328,236.86915588378906,1302.5
2013-05-29,09:40:00,37.6743,-25.3044,[18.797540210187435],[36.062196688726544],[-0.17029328271746635],[-0.051881466060876846],-0.21271401084959507,0.06063241511583328,236.86915588378906,1302.5
2013-05-29,09:40:00,37.6743,-25.3044,[18.797540210187435],[36.062196688726544],[-0.17029328271746635],[-0.051881466060876846],-0.21271401084959507,0.06063241511583328,236.86915588378906,1302.5
2013-07-10,,37.48935,-28.6135,[22.561571091413498],[36.11865593120456],[0.10254219174385071],[-0.036011841148138046],-0.21454512141644955,0.08278156071901321,224.64613342285156,2000.1629638671875
2013-07-13,,37.35745,-26.72626667,[22.062044128775597],[36.09271519817412],[0.003662221133708954],[-0.04272591322660446],-0.18951994366943836,0.079149529337883,224.8804931640625,2581.430908203125
2014-05-02,,37.61591667,-25.82725,[18.249671928584576],[36.12933740951121],[-0.022583696991205215],[-0.008545182645320892],-0.19653920084238052,0.10997027903795242,242.91477966308594,583.4171142578125
2014-05-02,,37.61591667,-25.82725,[18.249671928584576],[36.12933740951121],[-0.022583696991205215],[-0.008545182645320892],-0.19653920084238052,0.10997027903795242,242.91477966308594,583.4171142578125
2014-05-02,10:38,37.58196667,-25.55621667,[18.164708398282528],[36.098818900063634],[-0.07995849475264549],[-0.006714072078466415],-0.19592883065342903,0.12250406295061111,243.5028076171875,1081.842041015625
2014-05-02,10:38,37.58196667,-25.55621667,[18.164708398282528],[36.098818900063634],[-0.07995849475264549],[-0.006714072078466415],-0.19592883065342903,0.12250406295061111,243.5028076171875,1081.842041015625
2014-05-25,,39.17235,-30.11741667,[19.86324656009674],[36.04541150853038],[0.009765923023223877],[-0.04211554303765297],-0.20050660707056522,0.0764329582452774,235.47462463378906,1407.6920166015625
2014-07-04,,38.74415,-26.13905,[21.78957487642765],[36.15985591895878],[0.09033478796482086],[0.08911404758691788],-0.20905178971588612,0.07014039903879166,226.84129333496094,2234.14306640625
2015-07-16,,16.49214,-22.98307,[24.788933984935284],[36.02862632833421],[-0.10742515325546265],[-0.03784295171499252],-0.12390514835715294,0.38121330738067627,224.3710174560547,1748.8089599609375
2015-08-13,,37.50883333,-25.0114,[24.100436411798],[36.05456706136465],[0.046388134360313416],[-0.019531846046447754],-0.1904354989528656,0.0931546688079834,216.29164123535156,1689.72802734375
2015-10-18,,22.81119,-18.91164,[23.907071135938168],[36.71987056732178],[-0.07202368229627609],[-0.1593066193163395],-0.06134220398962498,0.2947247624397278,218.03033447265625,3345.611083984375
2016-03-20,15:55:00,37.6005,-25.5036,[16.43980224430561],[36.06677446514368],[-0.14526810497045517],[-0.035401470959186554],-0.2063051238656044,0.09255783259868622,250.65716552734375,1199.43505859375
2016-03-20,15:55:00,37.6005,-25.5036,[16.43980224430561],[36.06677446514368],[-0.14526810497045517],[-0.035401470959186554],-0.2063051238656044,0.09255783259868622,250.65716552734375,1199.43505859375
2016-03-20,,37.60958333,-25.48819167,[16.43980224430561],[36.06677446514368],[-0.14526810497045517],[-0.035401470959186554],-0.2063051238656044,0.09255783259868622,250.65716552734375,1199.43505859375
2016-03-20,,37.60958333,-25.48819167,[16.43980224430561],[36.06677446514368],[-0.14526810497045517],[-0.035401470959186554],-0.2063051238656044,0.09255783259868622,250.65716552734375,1199.43505859375
2016-03-20,15:55:00,37.6005,-25.5036,[16.43980224430561],[36.06677446514368],[-0.14526810497045517],[-0.035401470959186554],-0.2063051238656044,0.09255783259868622,250.65716552734375,1199.43505859375
2016-03-26,15:50,37.61591667,-25.82725,[17.145146034657955],[36.23462626710534],[0.07019257172942162],[-0.17334513366222382],-0.1831110566854477,0.08365126699209213,250.2498321533203,583.4171142578125
2016-03-26,15:50,37.61591667,-25.82725,[17.145146034657955],[36.23462626710534],[0.07019257172942162],[-0.17334513366222382],-0.1831110566854477,0.08365126699209213,250.2498321533203,583.4171142578125
2016-03-30,17:30:00,37.6114,-25.7472,[16.563585318624973],[36.086611496284604],[0.021973326802253723],[-0.14465773478150368],-0.19348734989762306,0.08365126699209213,250.2498321533203,858.3184814453125
2016-03-30,17:30:00,37.6114,-25.7472,[16.563585318624973],[36.086611496284604],[0.021973326802253723],[-0.14465773478150368],-0.19348734989762306,0.08365126699209213,250.2498321533203,858.3184814453125
2016-03-30,17:30:00,37.6114,-25.7472,[16.563585318624973],[36.086611496284604],[0.021973326802253723],[-0.14465773478150368],-0.19348734989762306,0.08365126699209213,250.2498321533203,858.3184814453125
2016-03-30,17:30:00,37.6114,-25.7472,[16.563585318624973],[36.086611496284604],[0.021973326802253723],[-0.14465773478150368],-0.19348734989762306,0.08365126699209213,250.2498321533203,858.3184814453125
2016-04-24,,38.373062,-28.285751,[17.145146034657955],[36.03473003022373],[-0.2697836235165596],[-0.04577776417136192],-0.18494216725230217,0.10955461114645004,245.53868103027344,1659.0
2016-04-24,,38.37275,-28.282966,[17.145146034657955],[36.03473003022373],[-0.2697836235165596],[-0.04577776417136192],-0.18494216725230217,0.10955461114645004,245.53868103027344,1659.0
2016-04-24,,38.373266,-28.283032,[17.145146034657955],[36.03473003022373],[-0.2697836235165596],[-0.04577776417136192],-0.18494216725230217,0.10955461114645004,245.53868103027344,1659.0
2016-05-19,11:05:00,38.4236,-28.7407,[18.665700249373913],[36.025574477389455],[-0.12878810986876488],[0.07690664380788803],-0.17242957837879658,,,606.877197265625
2016-05-19,11:05:00,38.4236,-28.7407,[18.665700249373913],[36.025574477389455],[-0.12878810986876488],[0.07690664380788803],-0.17242957837879658,,,606.877197265625
2016-07-21,13:43:00,37.6197,-25.3268,[23.848475597798824],[36.16290776990354],[-0.05737479776144028],[-0.019531846046447754],-0.12512588873505592,0.10008521378040314,216.07716369628906,1481.93896484375
2016-07-21,13:43:00,37.6197,-25.3268,[23.848475597798824],[36.16290776990354],[-0.05737479776144028],[-0.019531846046447754],-0.12512588873505592,0.10008521378040314,216.07716369628906,1481.93896484375
2016-07-21,13:43:00,37.6197,-25.3268,[23.848475597798824],[36.16290776990354],[-0.05737479776144028],[-0.019531846046447754],-0.12512588873505592,0.10008521378040314,216.07716369628906,1481.93896484375
2016-07-21,15:16,37.58846667,-25.2412,[23.939298681914806],[36.170537397265434],[-0.04699850454926491],[-0.02685628831386566],-0.1263466291129589,0.10008521378040314,216.07716369628906,1588.863037109375
2016-07-21,13:43:00,37.6197,-25.3268,[23.848475597798824],[36.16290776990354],[-0.05737479776144028],[-0.019531846046447754],-0.12512588873505592,0.10008521378040314,216.07716369628906,1481.93896484375
2016-10-27,,23.65104,-17.38204,[21.533951841294765],[36.1873225774616],[0.011597033590078354],[0.07507553324103355],-0.10467848740518093,0.7484118342399597,229.29217529296875,1404.822998046875
2016-11-27,,24.57326,-16.93985,[20.57005523890257],[36.44978175871074],[-0.1501510664820671],[-0.006103701889514923],-0.1071199681609869,0.45028433203697205,230.3040771484375,1803.866943359375
2016-12-02,,25.67867,-16.89311,[21.539078950881958],[36.69240390881896],[-0.05066072568297386],[0.05310220643877983],-0.06500442512333393,0.12136682122945786,228.52110290527344,3242.87109375
2017-04-08,10:49,37.68433333,-25.68606667,[17.15906247496605],[36.182744801044464],[-0.07202368229627609],[0.007324442267417908],-0.23712881840765476,0.0583101361989975,245.75167846679688,603.1522216796875
2017-04-08,10:25,37.68339167,-25.67376667,[17.15906247496605],[36.182744801044464],[-0.07202368229627609],[0.007324442267417908],-0.23712881840765476,0.0583101361989975,245.75167846679688,603.1522216796875
2017-04-08,10:25:00,37.678,-25.6678,[17.15906247496605],[36.182744801044464],[-0.07202368229627609],[0.007324442267417908],-0.23712881840765476,0.0583101361989975,245.75167846679688,603.1522216796875
2017-04-08,09:41:00,37.6797,-25.6915,[17.15906247496605],[36.182744801044464],[-0.07202368229627609],[0.007324442267417908],-0.23712881840765476,0.0583101361989975,245.75167846679688,603.1522216796875
2017-04-08,10:25:00,37.678,-25.6678,[17.15906247496605],[36.182744801044464],[-0.07202368229627609],[0.007324442267417908],-0.23712881840765476,0.0583101361989975,245.75167846679688,603.1522216796875
2017-04-08,09:41:00,37.6797,-25.6915,[17.15906247496605],[36.182744801044464],[-0.07202368229627609],[0.007324442267417908],-0.23712881840765476,0.0583101361989975,245.75167846679688,603.1522216796875
2017-04-08,09:41:00,37.6797,-25.6915,[17.15906247496605],[36.182744801044464],[-0.07202368229627609],[0.007324442267417908],-0.23712881840765476,0.0583101361989975,245.75167846679688,603.1522216796875
2017-04-08,09:41:00,37.6797,-25.6915,[17.15906247496605],[36.182744801044464],[-0.07202368229627609],[0.007324442267417908],-0.23712881840765476,0.0583101361989975,245.75167846679688,603.1522216796875
2017-04-09,09:45:00,37.6431,-25.6005,[17.15100558847189],[36.17969295009971],[-0.079348124563694],[0.008545182645320892],-0.23682363331317902,0.061314769089221954,246.41549682617188,428.7898864746094
2017-04-09,14:51,37.65657778,-25.52462222,[17.16418958455324],[36.182744801044464],[-0.10010071098804474],[0.010986663401126862],-0.23560289293527603,0.061314769089221954,246.41549682617188,461.27520751953125
2017-04-09,09:45:00,37.6431,-25.6005,[17.15100558847189],[36.17969295009971],[-0.079348124563694],[0.008545182645320892],-0.23682363331317902,0.061314769089221954,246.41549682617188,428.7898864746094
2017-04-09,09:45:00,37.6431,-25.6005,[17.15100558847189],[36.17969295009971],[-0.079348124563694],[0.008545182645320892],-0.23682363331317902,0.061314769089221954,246.41549682617188,428.7898864746094
2017-04-09,09:45:00,37.6431,-25.6005,[17.15100558847189],[36.17969295009971],[-0.079348124563694],[0.008545182645320892],-0.23682363331317902,0.061314769089221954,246.41549682617188,428.7898864746094
2017-04-09,09:45:00,37.6431,-25.6005,[17.15100558847189],[36.17969295009971],[-0.079348124563694],[0.008545182645320892],-0.23682363331317902,0.061314769089221954,246.41549682617188,428.7898864746094
2017-04-09,10:50,37.64996667,-25.60115,[17.15100558847189],[36.17969295009971],[-0.079348124563694],[0.008545182645320892],-0.23682363331317902,0.061314769089221954,246.41549682617188,428.7898864746094
2017-04-09,10:50,37.64996667,-25.60115,[17.15100558847189],[36.17969295009971],[-0.079348124563694],[0.008545182645320892],-0.23682363331317902,0.061314769089221954,246.41549682617188,428.7898864746094
2017-04-09,09:45:00,37.6431,-25.6005,[17.15100558847189],[36.17969295009971],[-0.079348124563694],[0.008545182645320892],-0.23682363331317902,0.061314769089221954,246.41549682617188,428.7898864746094
2017-04-09,09:45:00,37.6431,-25.6005,[17.15100558847189],[36.17969295009971],[-0.079348124563694],[0.008545182645320892],-0.23682363331317902,0.061314769089221954,246.41549682617188,428.7898864746094
2017-04-09,10:50,37.64996667,-25.60115,[17.15100558847189],[36.17969295009971],[-0.079348124563694],[0.008545182645320892],-0.23682363331317902,0.061314769089221954,246.41549682617188,428.7898864746094
2017-04-09,09:45:00,37.6431,-25.6005,[17.15100558847189],[36.17969295009971],[-0.079348124563694],[0.008545182645320892],-0.23682363331317902,0.061314769089221954,246.41549682617188,428.7898864746094
2017-04-11,20:07:00,38.3424,-28.3,[16.543809324502945],[36.074404092505574],[-0.1977599412202835],[0.04516739398241043],-0.20722067914903164,0.082712322473526,247.12709045410156,1591.0
2017-04-11,20:07:00,38.3424,-28.3,[16.543809324502945],[36.074404092505574],[-0.1977599412202835],[0.04516739398241043],-0.20722067914903164,0.082712322473526,247.12709045410156,1591.0
2017-04-11,20:07:00,38.3424,-28.3,[16.543809324502945],[36.074404092505574],[-0.1977599412202835],[0.04516739398241043],-0.20722067914903164,0.082712322473526,247.12709045410156,1591.0
2017-04-18,09:28:00,38.261,-28.2604,[17.06164739280939],[36.08813742175698],[-0.025635547935962677],[-0.05737479776144028],-0.23224585689604282,0.06246764957904816,243.94618225097656,1777.0
2017-04-18,09:28:00,38.261,-28.2604,[17.06164739280939],[36.08813742175698],[-0.025635547935962677],[-0.05737479776144028],-0.23224585689604282,0.06246764957904816,243.94618225097656,1777.0
2017-04-30,09:55:00,37.5507,-25.3249,[17.771385848522186],[36.181218875572085],[-0.056764427572488785],[-0.04272591322660446],-0.2426221501082182,0.06016417592763901,243.8286590576172,1481.93896484375
2017-04-30,09:55:00,37.5507,-25.3249,[17.771385848522186],[36.181218875572085],[-0.056764427572488785],[-0.04272591322660446],-0.2426221501082182,0.06016417592763901,243.8286590576172,1481.93896484375
2017-04-30,09:55:00,37.5507,-25.3249,[17.771385848522186],[36.181218875572085],[-0.056764427572488785],[-0.04272591322660446],-0.2426221501082182,0.06016417592763901,243.8286590576172,1481.93896484375
2017-04-30,09:55:00,37.5507,-25.3249,[17.771385848522186],[36.181218875572085],[-0.056764427572488785],[-0.04272591322660446],-0.2426221501082182,0.06016417592763901,243.8286590576172,1481.93896484375
2017-05-19,17:32:00,38.2806,-28.5153,[19.460402235388756],[36.09118927270174],[0.023194067180156708],[-0.03906369209289551],-0.16907254233956337,0.06165013089776039,236.06988525390625,1409.7139892578125
2017-05-19,17:32:00,38.2806,-28.5153,[19.460402235388756],[36.09118927270174],[0.023194067180156708],[-0.03906369209289551],-0.16907254233956337,0.06165013089776039,236.06988525390625,1409.7139892578125
2017-05-19,17:32:00,38.2806,-28.5153,[19.460402235388756],[36.09118927270174],[0.023194067180156708],[-0.03906369209289551],-0.16907254233956337,0.06165013089776039,236.06988525390625,1409.7139892578125
2017-05-19,17:32:00,38.2806,-28.5153,[19.460402235388756],[36.09118927270174],[0.023194067180156708],[-0.03906369209289551],-0.16907254233956337,0.06165013089776039,236.06988525390625,1409.7139892578125
2017-05-19,,38.376463,-28.317462,[19.15936765819788],[36.06982631608844],[-0.043336283415555954],[-0.02929776906967163],-0.16083254478871822,,,447.0
2017-06-20,,38.376469,-28.29345,[22.03494369238615],[36.14917444065213],[-0.09155552834272385],[-0.01892147585749626],-0.11780144646763802,,,447.0
2017-06-20,,38.374315,-28.304435,[22.16531876474619],[36.15375221706927],[-0.14648884534835815],[-0.015259254723787308],-0.12421033345162868,0.07961875945329666,224.81851196289062,1591.0
2017-06-20,11:42:00,38.2396,-28.174,[22.30082094669342],[36.16748554632068],[-0.12939848005771637],[-0.07507553324103355],-0.138248847797513,0.07961875945329666,224.81851196289062,1788.073974609375
2017-06-20,11:42:00,38.2396,-28.174,[22.30082094669342],[36.16748554632068],[-0.12939848005771637],[-0.07507553324103355],-0.138248847797513,0.07961875945329666,224.81851196289062,1788.073974609375
2017-06-20,,38.373239,-28.287958,[22.122836999595165],[36.15070036612451],[-0.18433179706335068],[-0.0476088747382164],-0.12421033345162868,0.07961875945329666,224.81851196289062,1659.0
2018-03-30,,38.386157,-28.294694,[16.80822169035673],[36.14001888781786],[-0.06164738908410072],[-0.030518509447574615],-0.1507614366710186,,,447.0
2018-04-19,,38.341286,-28.280539,[18.428388319909573],[36.20105590671301],[-0.12390514835715294],[0.0079348124563694],-0.10559404268860817,0.08199874311685562,242.578369140625,1659.0
2018-04-19,,38.349902,-28.280539,[18.428388319909573],[36.20105590671301],[-0.12390514835715294],[0.0079348124563694],-0.10559404268860817,0.08199874311685562,242.578369140625,1659.0
2018-04-19,,38.364979,-28.305253,[18.485518969595432],[36.20105590671301],[-0.11658070608973503],[0.02868739888072014],-0.10620441287755966,0.08199874311685562,242.578369140625,1591.0
2018-05-01,11:34:00,37.5232,-25.424,[18.469405196607113],[36.33533734828234],[-0.08545182645320892],[-0.005493331700563431],-0.13794366270303726,0.054130155593156815,242.01361083984375,1451.6629638671875
2018-05-01,10:32,37.54744167,-25.45071667,[18.31339457631111],[36.28650773316622],[-0.11230811476707458],[-0.01342814415693283],-0.13214514590799809,0.054130155593156815,242.01361083984375,1301.5379638671875
2018-05-01,09:51:00,37.5898,-25.5188,[18.33756523579359],[36.29261143505573],[-0.11047700420022011],[-0.01037629321217537],-0.13183996081352234,0.054130155593156815,242.01361083984375,1199.43505859375
2018-05-01,09:51:00,37.5898,-25.5188,[18.33756523579359],[36.29261143505573],[-0.11047700420022011],[-0.01037629321217537],-0.13183996081352234,0.054130155593156815,242.01361083984375,1199.43505859375
2018-05-01,10:32,37.54744167,-25.45071667,[18.31339457631111],[36.28650773316622],[-0.11230811476707458],[-0.01342814415693283],-0.13214514590799809,0.054130155593156815,242.01361083984375,1301.5379638671875
2018-05-01,09:51:00,37.5898,-25.5188,[18.33756523579359],[36.29261143505573],[-0.11047700420022011],[-0.01037629321217537],-0.13183996081352234,0.054130155593156815,242.01361083984375,1199.43505859375
2018-05-01,11:34:00,37.5232,-25.424,[18.469405196607113],[36.33533734828234],[-0.08545182645320892],[-0.005493331700563431],-0.13794366270303726,0.054130155593156815,242.01361083984375,1451.6629638671875
2018-05-01,09:51:00,37.5898,-25.5188,[18.33756523579359],[36.29261143505573],[-0.11047700420022011],[-0.01037629321217537],-0.13183996081352234,0.054130155593156815,242.01361083984375,1199.43505859375
2018-05-01,10:32,37.54744167,-25.45071667,[18.31339457631111],[36.28650773316622],[-0.11230811476707458],[-0.01342814415693283],-0.13214514590799809,0.054130155593156815,242.01361083984375,1301.5379638671875
2018-05-22,13:36:00,37.5569,-25.2723,[21.369884334504604],[36.39027066528797],[-0.05859553813934326],[-0.040894802659749985],-0.1315347757190466,0.07296549528837204,229.2825164794922,1588.863037109375
2018-05-22,14:04:00,37.59,-25.2559,[21.369884334504604],[36.39027066528797],[-0.05859553813934326],[-0.040894802659749985],-0.1315347757190466,0.07296549528837204,229.2825164794922,1588.863037109375
2018-05-22,13:36:00,37.5569,-25.2723,[21.369884334504604],[36.39027066528797],[-0.05859553813934326],[-0.040894802659749985],-0.1315347757190466,0.07296549528837204,229.2825164794922,1588.863037109375
2018-05-22,14:04:00,37.59,-25.2559,[21.369884334504604],[36.39027066528797],[-0.05859553813934326],[-0.040894802659749985],-0.1315347757190466,0.07296549528837204,229.2825164794922,1588.863037109375
2019-03-10,09:12:00,37.6777,-25.4158,[16.346781827509403],[36.0942411236465],[-0.12329477816820145],[-0.0079348124563694],-0.1428266242146492,0.22270821034908295,250.41029357910156,699.5
2019-03-10,09:12:00,37.6777,-25.4158,[16.346781827509403],[36.0942411236465],[-0.12329477816820145],[-0.0079348124563694],-0.1428266242146492,0.22270821034908295,250.41029357910156,699.5
2019-03-10,09:12:00,37.6777,-25.4158,[16.346781827509403],[36.0942411236465],[-0.12329477816820145],[-0.0079348124563694],-0.1428266242146492,0.22270821034908295,250.41029357910156,699.5
2019-03-11,16:15:00,37.732,-25.8043,[16.311624504625797],[36.09271519817412],[-0.0634784996509552],[0.08667256683111191],-0.1428266242146492,0.2012908011674881,249.91302490234375,423.6286926269531
2019-03-11,16:15:00,37.732,-25.8043,[16.311624504625797],[36.09271519817412],[-0.0634784996509552],[0.08667256683111191],-0.1428266242146492,0.2012908011674881,249.91302490234375,423.6286926269531
2019-03-11,16:15:00,37.732,-25.8043,[16.311624504625797],[36.09271519817412],[-0.0634784996509552],[0.08667256683111191],-0.1428266242146492,0.2012908011674881,249.91302490234375,423.6286926269531
2019-03-11,16:15:00,37.732,-25.8043,[16.311624504625797],[36.09271519817412],[-0.0634784996509552],[0.08667256683111191],-0.1428266242146492,0.2012908011674881,249.91302490234375,423.6286926269531
2019-03-12,09:06:00,37.6659,-25.6222,[16.327738277614117],[36.0942411236465],[-0.08789330720901489],[-0.004272591322660446],-0.14404736459255219,0.22270821034908295,250.41029357910156,428.7898864746094
2019-03-12,09:06:00,37.6659,-25.6222,[16.327738277614117],[36.0942411236465],[-0.08789330720901489],[-0.004272591322660446],-0.14404736459255219,0.22270821034908295,250.41029357910156,428.7898864746094
2019-03-12,09:06:00,37.6659,-25.6222,[16.327738277614117],[36.0942411236465],[-0.08789330720901489],[-0.004272591322660446],-0.14404736459255219,0.22270821034908295,250.41029357910156,428.7898864746094
2019-03-16,10:16:00,37.6738,-25.4105,[16.346781827509403],[36.0942411236465],[-0.12329477816820145],[-0.0079348124563694],-0.1428266242146492,0.22270821034908295,250.41029357910156,699.5
2019-03-16,10:16:00,37.6738,-25.4105,[16.346781827509403],[36.0942411236465],[-0.12329477816820145],[-0.0079348124563694],-0.1428266242146492,0.22270821034908295,250.41029357910156,699.5
2019-03-16,10:16:00,37.6738,-25.4105,[16.346781827509403],[36.0942411236465],[-0.12329477816820145],[-0.0079348124563694],-0.1428266242146492,0.22270821034908295,250.41029357910156,699.5
2019-03-16,09:34:00,37.6622,-25.4445,[16.346781827509403],[36.0942411236465],[-0.12329477816820145],[-0.0079348124563694],-0.1428266242146492,0.22270821034908295,250.41029357910156,699.5
2019-03-16,09:34:00,37.6622,-25.4445,[16.346781827509403],[36.0942411236465],[-0.12329477816820145],[-0.0079348124563694],-0.1428266242146492,0.22270821034908295,250.41029357910156,699.5
2019-03-16,09:34:00,37.6622,-25.4445,[16.346781827509403],[36.0942411236465],[-0.12329477816820145],[-0.0079348124563694],-0.1428266242146492,0.22270821034908295,250.41029357910156,699.5
2019-04-17,,38.373951,-28.287484,[17.60878323018551],[36.14001888781786],[0.025025177747011185],[0.01342814415693283],-0.15106662176549435,0.11379655450582504,245.38348388671875,1659.0
2019-08-04,,35.05214,-21.26096,[24.821161530911922],[36.8404186796397],[-0.039674062281847],[0.1745658740401268],-0.0753807183355093,0.08852045983076096,216.579345703125,5044.126953125
2019-08-12,,38.53102,-16.87691,[22.204870752990246],[36.219367012381554],[-0.02136295661330223],[0.011597033590078354],-0.17273476347327232,0.0692787617444992,225.19618225097656,5237.7158203125
2019-08-18,,35.64181,-22.34514,[24.35752433538437],[36.80227054283023],[-0.04821924492716789],[-0.02624591812491417],-0.13306070119142532,0.07967190444469452,217.98260498046875,5006.009765625
2019-09-01,11:14:00,37.5852,-25.5195,[23.73274940997362],[36.48792989552021],[0.006103701889514923],[-0.004272591322660446],-0.10528885759413242,0.07752424478530884,220.3070068359375,1199.43505859375
2019-09-01,11:14:00,37.5852,-25.5195,[23.73274940997362],[36.48792989552021],[0.006103701889514923],[-0.004272591322660446],-0.10528885759413242,0.07752424478530884,220.3070068359375,1199.43505859375
2019-09-01,11:14:00,37.5852,-25.5195,[23.73274940997362],[36.48792989552021],[0.006103701889514923],[-0.004272591322660446],-0.10528885759413242,0.07752424478530884,220.3070068359375,1199.43505859375
2022-05-27,11:11:22,38.70209,-28.413391,[18.43205054104328],[36.1156040802598],[0.0048829615116119385],[-0.0079348124563694],-0.1580858789384365,0.07088558375835419,239.0333709716797,1204.77197265625
2022-05-27,13:21:17,38.606844,-28.44635,[18.401287883520126],[36.120181856676936],[0.02075258642435074],[-0.01342814415693283],-0.15625476837158203,,,177.5070037841797
2023-04-12,,38.358877,-28.277692,[16.540879547595978],[36.01641892455518],[-0.07568590342998505],[-0.017090365290641785],-0.12085329741239548,0.3895847201347351,254.65396118164062,1659.0
2023-04-12,17:28:24,38.3359,-28.440857,[16.592150643467903],[36.0225226264447],[-0.025025177747011185],[-0.007324442267417908],-0.12237922288477421,0.39826056361198425,253.97914123535156,1084.9439697265625
2023-04-12,,38.342363,-28.258469,[16.540879547595978],[36.01641892455518],[-0.07568590342998505],[-0.017090365290641785],-0.12085329741239548,0.3895847201347351,254.65396118164062,1659.0
2023-04-12,,38.330873,-28.287303,[16.540879547595978],[36.01641892455518],[-0.07568590342998505],[-0.017090365290641785],-0.12085329741239548,0.3895847201347351,254.65396118164062,1659.0
2023-04-12,,38.346671,-28.291422,[16.540879547595978],[36.01641892455518],[-0.07568590342998505],[-0.017090365290641785],-0.12085329741239548,0.3895847201347351,254.65396118164062,1659.0
2023-04-12,,38.334105,-28.272199,[16.540879547595978],[36.01641892455518],[-0.07568590342998505],[-0.017090365290641785],-0.12085329741239548,0.3895847201347351,254.65396118164062,1659.0
2023-04-12,17:28:33,38.3359,-28.440857,[16.592150643467903],[36.0225226264447],[-0.025025177747011185],[-0.007324442267417908],-0.12237922288477421,0.39826056361198425,253.97914123535156,1084.9439697265625
2023-04-12,,38.322973,-28.281811,[16.540879547595978],[36.01641892455518],[-0.07568590342998505],[-0.017090365290641785],-0.12085329741239548,0.3895847201347351,254.65396118164062,1659.0
2023-04-12,17:23:36,38.3359,-28.440857,[16.592150643467903],[36.0225226264447],[-0.025025177747011185],[-0.007324442267417908],-0.12237922288477421,0.39826056361198425,253.97914123535156,1084.9439697265625
2023-04-12,,38.326564,-28.281811,[16.540879547595978],[36.01641892455518],[-0.07568590342998505],[-0.017090365290641785],-0.12085329741239548,0.3895847201347351,254.65396118164062,1659.0
2023-04-12,17:28:16,38.3359,-28.440857,[16.592150643467903],[36.0225226264447],[-0.025025177747011185],[-0.007324442267417908],-0.12237922288477421,0.39826056361198425,253.97914123535156,1084.9439697265625
2023-04-12,,38.322973,-28.291422,[16.540879547595978],[36.01641892455518],[-0.07568590342998505],[-0.017090365290641785],-0.12085329741239548,0.3895847201347351,254.65396118164062,1659.0
2023-05-16,10:57:27,38.327867,-28.345812,[18.131748408079147],[36.013367073610425],[-0.05493331700563431],[-0.006103701889514923],-0.13336588628590107,0.1823921650648117,245.47430419921875,1591.0
2023-05-16,10:52:09,38.327867,-28.345812,[18.131748408079147],[36.013367073610425],[-0.05493331700563431],[-0.006103701889514923],-0.13336588628590107,0.1823921650648117,245.47430419921875,1591.0
2023-05-25,09:56:30,38.742388,-28.526467,[20.088839381933212],[36.09271519817412],[0.03906369209289551],[0.0012207403779029846],-0.10284737683832645,0.07592497766017914,235.6636505126953,1209.2440185546875
2023-05-25,09:56:30,38.742388,-28.526467,[20.088839381933212],[36.09271519817412],[0.03906369209289551],[0.0012207403779029846],-0.10284737683832645,0.07592497766017914,235.6636505126953,1209.2440185546875
2023-10-03,12:16:46,27.684689,-18.07839,[25.579241305589676],[37.238685227930546],[-0.12573625892400742],[0.3344828635454178],-0.02868739888072014,,,928.9735717773438
2023-10-03,12:18:00,27.684478,-18.078419,[25.579241305589676],[37.238685227930546],[-0.12573625892400742],[0.3344828635454178],-0.02868739888072014,,,928.9735717773438
2024-01-05,17:54:11,14.8789,-23.578,[25.373424477875233],[36.2804040312767],[-0.04699850454926491],[-0.10376293212175369],-0.023499252274632454,,,513.0
2024-01-05,17:54:11,14.8789,-23.578,[25.373424477875233],[36.2804040312767],[-0.04699850454926491],[-0.10376293212175369],-0.023499252274632454,,,513.0
2024-01-05,17:55:07,14.8789,-23.578,[25.373424477875233],[36.2804040312767],[-0.04699850454926491],[-0.10376293212175369],-0.023499252274632454,,,513.0
2024-04-25,10:21:22,38.208533,-27.989733,[18.883968628942966],[36.205633683130145],[-0.07385479286313057],[-0.009155552834272385],-0.13794366270303726,0.09123983979225159,242.25408935546875,1777.5989990234375
2024-05-21,10:04:22,32.601747,-17.056274,[21.821069978177547],[36.90755940042436],[-0.11841181665658951],[0.05371257662773132],-0.07568590342998505,0.06725367903709412,226.78440856933594,1665.4520263671875
2024-05-21,09:57:37,32.601747,-17.056274,[21.821069978177547],[36.90755940042436],[-0.11841181665658951],[0.05371257662773132],-0.07568590342998505,0.06725367903709412,226.78440856933594,1665.4520263671875
2024-05-21,10:01:31,32.601747,-17.056274,[21.821069978177547],[36.90755940042436],[-0.11841181665658951],[0.05371257662773132],-0.07568590342998505,0.06725367903709412,226.78440856933594,1665.4520263671875
2024-05-21,10:03:39,32.601747,-17.056274,[21.821069978177547],[36.90755940042436],[-0.11841181665658951],[0.05371257662773132],-0.07568590342998505,0.06725367903709412,226.78440856933594,1665.4520263671875
2024-05-21,10:01:25,32.601747,-17.056274,[21.821069978177547],[36.90755940042436],[-0.11841181665658951],[0.05371257662773132],-0.07568590342998505,0.06725367903709412,226.78440856933594,1665.4520263671875
2024-06-04,09:50:40,38.2958,-28.087017,[20.9421369060874],[36.17206332273781],[-0.11230811476707458],[-0.02136295661330223],-0.09033478796482086,0.06528264284133911,232.27780151367188,1496.0179443359375
2024-06-04,,38.266651,-28.111267,[21.022705771028996],[36.17969295009971],[-0.13306070119142532],[-0.0079348124563694],-0.10010071098804474,0.06528264284133911,232.27780151367188,1684.010009765625
2024-06-04,10:02:56,38.2958,-28.087017,[20.9421369060874],[36.17206332273781],[-0.11230811476707458],[-0.02136295661330223],-0.09033478796482086,0.06528264284133911,232.27780151367188,1496.0179443359375
2024-06-04,10:26:55,38.2958,-28.087017,[20.9421369060874],[36.17206332273781],[-0.11230811476707458],[-0.02136295661330223],-0.09033478796482086,0.06528264284133911,232.27780151367188,1496.0179443359375
2024-06-04,09:51:02,38.2958,-28.087017,[20.9421369060874],[36.17206332273781],[-0.11230811476707458],[-0.02136295661330223],-0.09033478796482086,0.06528264284133911,232.27780151367188,1496.0179443359375
2024-06-04,10:25:53,38.2958,-28.087017,[20.9421369060874],[36.17206332273781],[-0.11230811476707458],[-0.02136295661330223],-0.09033478796482086,0.06528264284133911,232.27780151367188,1496.0179443359375
2024-06-04,09:53:33,38.2958,-28.087017,[20.9421369060874],[36.17206332273781],[-0.11230811476707458],[-0.02136295661330223],-0.09033478796482086,0.06528264284133911,232.27780151367188,1496.0179443359375
2024-06-04,09:50:45,38.2958,-28.087017,[20.9421369060874],[36.17206332273781],[-0.11230811476707458],[-0.02136295661330223],-0.09033478796482086,0.06528264284133911,232.27780151367188,1496.0179443359375
2024-06-04,,38.266651,-28.111267,[21.022705771028996],[36.17969295009971],[-0.13306070119142532],[-0.0079348124563694],-0.10010071098804474,0.06528264284133911,232.27780151367188,1684.010009765625
2024-06-04,10:09:37,38.2958,-28.087017,[20.9421369060874],[36.17206332273781],[-0.11230811476707458],[-0.02136295661330223],-0.09033478796482086,0.06528264284133911,232.27780151367188,1496.0179443359375
2024-06-04,,38.266651,-28.111267,[21.022705771028996],[36.17969295009971],[-0.13306070119142532],[-0.0079348124563694],-0.10010071098804474,0.06528264284133911,232.27780151367188,1684.010009765625
2024-07-29,10:04:54,32.583683,-17.161317,[24.604358039796352],[37.04031491652131],[0.06958220154047012],[-0.03418073058128357],-0.0033570360392332077,0.09336332231760025,216.49607849121094,2395.534912109375
2025-01-18,14:31:51,32.895167,-17.264,[19.499954223632812],[36.77938166074455],[-0.025025177747011185],[-0.022583696991205215],-0.08178960531949997,0.040080662816762924,235.29849243164062,1211.029052734375
2025-01-18,14:25:17,32.895167,-17.264,[19.499954223632812],[36.77938166074455],[-0.025025177747011185],[-0.022583696991205215],-0.08178960531949997,0.040080662816762924,235.29849243164062,1211.029052734375
2025-02-12,10:13:53,32.545517,-16.669767,[19.358592487871647],[36.745811300352216],[-0.10681478306651115],[-0.06469924002885818],-0.08911404758691788,0.041274745017290115,235.00424194335938,1705.487060546875
2025-02-12,10:29:57,32.545517,-16.669767,[19.358592487871647],[36.745811300352216],[-0.10681478306651115],[-0.06469924002885818],-0.08911404758691788,0.041274745017290115,235.00424194335938,1705.487060546875
2025-02-12,10:22:24,32.545517,-16.669767,[19.358592487871647],[36.745811300352216],[-0.10681478306651115],[-0.06469924002885818],-0.08911404758691788,0.041274745017290115,235.00424194335938,1705.487060546875
2025-02-12,10:30:05,32.545517,-16.669767,[19.358592487871647],[36.745811300352216],[-0.10681478306651115],[-0.06469924002885818],-0.08911404758691788,0.041274745017290115,235.00424194335938,1705.487060546875
2025-02-12,10:13:36,32.545517,-16.669767,[19.358592487871647],[36.745811300352216],[-0.10681478306651115],[-0.06469924002885818],-0.08911404758691788,0.041274745017290115,235.00424194335938,1705.487060546875
2025-02-12,10:22:24,32.545517,-16.669767,[19.358592487871647],[36.745811300352216],[-0.10681478306651115],[-0.06469924002885818],-0.08911404758691788,0.041274745017290115,235.00424194335938,1705.487060546875
2025-02-12,10:29:45,32.545517,-16.669767,[19.358592487871647],[36.745811300352216],[-0.10681478306651115],[-0.06469924002885818],-0.08911404758691788,0.041274745017290115,235.00424194335938,1705.487060546875
2025-03-04,08:00,37.352395,-25.406774,[16.690298169851303],[36.230048490688205],[-0.0317392498254776],[-0.021973326802253723],-0.16968291252851486,0.18565747141838074,248.7623748779297,2144.52099609375
2025-03-04,08:00,37.352395,-25.406774,[16.690298169851303],[36.230048490688205],[-0.0317392498254776],[-0.021973326802253723],-0.16968291252851486,0.18565747141838074,248.7623748779297,2144.52099609375
2025-03-07,08:00,37.352395,-25.406774,[16.690298169851303],[36.230048490688205],[-0.0317392498254776],[-0.021973326802253723],-0.16968291252851486,0.18565747141838074,248.7623748779297,2144.52099609375
2025-03-07,08:00,37.352395,-25.406774,[16.690298169851303],[36.230048490688205],[-0.0317392498254776],[-0.021973326802253723],-0.16968291252851486,0.18565747141838074,248.7623748779297,2144.52099609375
2025-03-07,08:00,37.352395,-25.406774,[16.690298169851303],[36.230048490688205],[-0.0317392498254776],[-0.021973326802253723],-0.16968291252851486,0.18565747141838074,248.7623748779297,2144.52099609375
2025-03-07,08:00,37.352395,-25.406774,[16.690298169851303],[36.230048490688205],[-0.0317392498254776],[-0.021973326802253723],-0.16968291252851486,0.18565747141838074,248.7623748779297,2144.52099609375
2025-05-13,14:43:35,37.835352,-25.41576,[17.586077459156513],[36.14917444065213],[0.024414807558059692],[-0.006103701889514923],-0.17242957837879658,0.06589478999376297,244.3699951171875,115.0
2025-05-13,14:43:35,37.835352,-25.41576,[17.586077459156513],[36.14917444065213],[0.024414807558059692],[-0.006103701889514923],-0.17242957837879658,0.06589478999376297,244.3699951171875,115.0
2025-06-16,16:55,32.470783,-16.902467,[23.295480206608772],[37.03115936368704],[-0.03784295171499252],[0.04455702379345894],-0.10589922778308392,0.08556738495826721,220.88795471191406,2376.465087890625
2025-06-16,16:09:41,32.4727,-16.9035,[23.295480206608772],[37.03115936368704],[-0.03784295171499252],[0.04455702379345894],-0.10589922778308392,0.08556738495826721,220.88795471191406,2376.465087890625
2025-06-16,11:16:01,32.5577,-16.7917,[23.222235783934593],[37.01590010896325],[0.038453321903944016],[0.04272591322660446],-0.10650959797203541,0.0846426710486412,221.02999877929688,1664.5400390625
2025-06-16,11:16:21,32.557,-16.7917,[23.222235783934593],[37.01590010896325],[0.038453321903944016],[0.04272591322660446],-0.10650959797203541,0.0846426710486412,221.02999877929688,1664.5400390625
2025-06-16,16:48,32.470783,-16.902467,[23.295480206608772],[37.03115936368704],[-0.03784295171499252],[0.04455702379345894],-0.10589922778308392,0.08556738495826721,220.88795471191406,2376.465087890625
2026-04-16,10:47,37.623344,-25.334677,[20.147434920072556],[36.423841025680304],[0.010986663401126862],[-0.0158696249127388],-0.10406811721622944,0.048832446336746216,229.4451446533203,1481.93896484375
2026-04-16,10:47,37.623344,-25.334677,[20.147434920072556],[36.423841025680304],[0.010986663401126862],[-0.0158696249127388],-0.10406811721622944,0.048832446336746216,229.4451446533203,1481.93896484375
2026-04-19,,38.273701,-28.274535,[20.371562853455544],[36.40095214359462],[-0.08056886494159698],[0.005493331700563431],-0.08606219664216042,0.059995926916599274,232.88638305664062,1777.0
2026-04-19,11:29:45,38.217,-28.328,[20.46458327025175],[36.420789174735546],[-0.08606219664216042],[0.014648884534835815],-0.08758812211453915,0.059995926916599274,232.88638305664062,1692.5
2026-04-26,14:49:50,37.70484,-25.63673,[19.93209631741047],[36.39332251623273],[0.0024414807558059692],[-0.03784295171499252],-0.10559404268860817,0.0511934868991375,230.8826904296875,603.1522216796875
2026-04-26,14:49:50,37.70484,-25.63673,[19.93209631741047],[36.39332251623273],[0.0024414807558059692],[-0.03784295171499252],-0.10559404268860817,0.0511934868991375,230.8826904296875,603.1522216796875
